Target,MAE,RMSE,R2 Score,Train Samples,Test Samples
TAVG,0.8464855786783495,1.0467552887557587,0.8555710871114093,6391,2739
TMAX,1.0367528294998176,1.21576557868477,0.7981395186027591,6391,2739
TMIN,1.0368583424607523,1.2234906802619476,0.9198490802922578,6391,2739
Feels Like,1.3120974808324206,1.6056554286658875,0.705884375629843,6391,2739
